行标签	计数项:列1
to	441
how	331
google	239
automate	231
best	197
with	188
zapier	181
for	171
automation	152
business	139
app	138
marketing	128
a	120
vs	109
work	108
apps	103
in	103
the	94
create	92
email	90
ai	89
of	86
from	79
and	77
use	73
your	72
calendar	71
new	67
slack	67
tips	67
management	64
productivity	62
customer	61
add	59
day	58
lead	58
software	57
sheets	56
remote	55
leads	50
facebook	49
spotlight	47
automatically	45
is	44
small	44
gmail	43
what	43
guide	42
on	42
content	41
data	40
forms	37
social	37
at	36
zoom	35
send	34
time	34
salesforce	33
support	33
tools	33
sales	32
mailchimp	31
ads	30
crm	30
media	30
notion	29
product	29
tasks	29
build	28
microsoft	27
report	27
uses	27
do	26
free	26
team	26
template	26
you	26
docs	25
features	25
form	25
list	25
up	25
chatgpt	24
contacts	24
events	24
hubspot	24
ideas	24
linkedin	24
trello	24
whats	24
2023	23
no	23
code	22
emails	22
make	22
project	22
wordpress	22
an	21
drive	21
meeting	21
notifications	21
online	21
write	21
ecommerce	20
find	20
job	20
onboarding	20
search	20
strategy	20
teams	20
asana	19
mac	19
personal	19
tutorial	19
why	19
dropbox	18
evernote	18
instagram	18
shopify	18
text	18
track	18
writing	18
2022	17
blog	17
examples	17
get	17
outlook	17
page	17
better	16
brand	16
connect	16
design	16
excel	16
tracking	16
twitter	16
typeform	16
video	16
chat	15
database	15
discord	15
manage	15
note	15
office	15
tech	15
can	14
openai	14
user	14
when	14
zaps	14
be	13
calendly	13
copy	13
customers	13
digital	13
feedback	13
mistakes	13
responses	13
start	13
survey	13
taking	13
ways	13
analytics	12
assistant	12
by	12
chrome	12
employee	12
improve	12
integrations	12
meetings	12
review	12
schedule	12
startup	12
without	12
zendesk	12
activecampaign	11
airtable	11
alternatives	11
bot	11
change	11
custom	11
gpt	11
home	11
integrate	11
jira	11
message	11
messages	11
not	11
out	11
partner	11
rss	11
strategies	11
workflow	11
automated	10
automating	10
case	10
contact	10
development	10
iphone	10
learning	10
life	10
link	10
process	10
seo	10
should	10
sms	10
task	10
using	10
website	10
windows	10
woocommerce	10
working	10
ad	9
analysis	9
automations	9
clients	9
company	9
freelance	9
grow	9
growth	9
health	9
it	9
more	9
pipedrive	9
read	9
real	9
save	9
scheduling	9
screen	9
share	9
side	9
spreadsheet	9
submissions	9
system	9
things	9
webinar	9
3	8
api	8
as	8
campaign	8
campaigns	8
client	8
employees	8
good	8
hire	8
i	8
images	8
interview	8
mental	8
newsletter	8
off	8
onenote	8
or	8
phone	8
pocket	8
post	8
productive	8
projects	8
scale	8
security	8
squarespace	8
tables	8
todoist	8
web	8
webhooks	8
zoho	8
2021	7
advanced	7
android	7
backup	7
bad	7
builder	7
calls	7
clickfunnels	7
communication	7
dont	7
download	7
editor	7
editorial	7
effective	7
estate	7
event	7
favorite	7
feed	7
generation	7
gravity	7
gtd	7
hiring	7
hustle	7
image	7
integration	7
into	7
invoices	7
keep	7
meet	7
my	7
one	7
organize	7
part	7
podcast	7
prioritize	7
reddit	7
reminders	7
remove	7
research	7
reviews	7
service	7
set	7
stay	7
streamline	7
success	7
take	7
talk	7
tool	7
top	7
turn	7
update	7
users	7
we	7
workflows	7
youtube	7
accounting	6
are	6
avoid	6
browser	6
career	6
checklist	6
community	6
creative	6
dall	6
delete	6
during	6
e	6
follow	6
gen	6
generate	6
generator	6
getting	6
github	6
goals	6
growing	6
habits	6
inbox	6
ipad	6
jasper	6
jotform	6
journalist	6
kanban	6
landing	6
learn	6
lessons	6
like	6
morning	6
outreach	6
people	6
plan	6
plugin	6
power	6
quickbooks	6
recession	6
simple	6
skills	6
stack	6
story	6
stripe	6
studies	6
templates	6
vacation	6
virtual	6
weekend	6
zap	6
2020	5
accounts	5
alerts	5
apple	5
appointment	5
audit	5
automatic	5
background	5
benefits	5
block	5
board	5
buffer	5
building	5
call	5
choose	5
clickup	5
constant	5
conversions	5
convertkit	5
daily	5
disable	5
document	5
documents	5
done	5
drip	5
embed	5
emoji	5
engineering	5
enrich	5
entrepreneurs	5
export	5
fastest	5
files	5
first	5
focus	5
freelancer	5
freelancers	5
idea	5
intercom	5
interfaces	5
items	5
keyboard	5
language	5
less	5
local	5
making	5
manager	5
market	5
meistertask	5
method	5
metrics	5
notes	5
noteworthy	5
onedrive	5
operations	5
own	5
pdf	5
photos	5
pinterest	5
pitch	5
platforms	5
posts	5
pr	5
print	5
recurring	5
reports	5
resolutions	5
saas	5
seamless	5
selling	5
server	5
services	5
shortcuts	5
sites	5
stop	5
subscribers	5
sync	5
systems	5
table	5
through	5
tiktok	5
transfer	5
tricks	5
two	5
videos	5
voice	5
wpforms	5
writers	5
5	4
monday	4
friday	4
november	4
june	4
about	4
accessibility	4
account	4
across	4
announcing	4
art	4
asynchronous	4
audiences	4
balance	4
based	4
big	4
book	4
budget	4
builders	4
buy	4
card	4
cards	4
channels	4
chart	4
chatbot	4
close	4
collect	4
college	4
communicate	4
courses	4
creating	4
creation	4
crisis	4
culture	4
customize	4
decision	4
decisions	4
desk	4
digest	4
down	4
early	4
easily	4
edit	4
everything	4
experience	4
extension	4
extensions	4
filter	4
five	4
folders	4
full	4
fun	4
give	4
hangouts	4
help	4
helped	4
hidden	4
information	4
inspiration	4
internal	4
introducing	4
ios	4
isnt	4
journey	4
launch	4
leave	4
limit	4
lists	4
managers	4
managing	4
marketers	4
match	4
messenger	4
multiple	4
networking	4
notification	4
open	4
orders	4
our	4
parents	4
partners	4
paypal	4
performance	4
personalized	4
photo	4
pivot	4
planning	4
platform	4
plugins	4
practices	4
prepare	4
professional	4
proof	4
push	4
reader	4
remotely	4
respond	4
run	4
self	4
sell	4
site	4
square	4
starting	4
store	4
stories	4
technology	4
that	4
thinking	4
twilio	4
unbounce	4
updates	4
url	4
week	4
will	4
women	4
word	4
workers	4
workplace	4
yourself	4
zero	4
2	3
4	3
2016	3
april	3
july	3
acuity	3
address	3
adoption	3
advertising	3
agency	3
akiflow	3
any	3
anydo	3
appointments	3
articles	3
ask	3
audience	3
b2b	3
backlinks	3
bias	3
black	3
blocking	3
bookkeeping	3
books	3
boost	3
brain	3
brainstorming	3
built	3
burnout	3
businesses	3
canva	3
churn	3
classic	3
clean	3
clearbit	3
cloud	3
coffee	3
collaboration	3
collection	3
common	3
compare	3
competition	3
competitive	3
computer	3
conditional	3
convert	3
costs	3
course	3
dashboard	3
designer	3
designing	3
device	3
direct	3
directory	3
documentation	3
editing	3
engagement	3
engine	3
every	3
everyone	3
example	3
expert	3
extract	3
face	3
file	3
fitness	3
format	3
formatting	3
freshdesk	3
front	3
graph	3
habit	3
hide	3
holiday	3
hosting	3
increase	3
index	3
inside	3
insights	3
intelligence	3
invoice	3
io	3
journal	3
joy	3
just	3
klaviyo	3
later	3
leadconnector	3
leadership	3
links	3
low	3
loyalty	3
macros	3
mapping	3
markdown	3
marketer	3
mentions	3
messaging	3
methods	3
micro	3
mind	3
mindset	3
minimize	3
model	3
money	3
motivation	3
music	3
need	3
net	3
news	3
noise	3
non	3
nonprofit	3
nurture	3
objects	3
offboarding	3
offline	3
ops	3
optimization	3
optimize	3
other	3
outgrow	3
pages	3
parental	3
parser	3
password	3
paths	3
paying	3
payments	3
perfect	3
poll	3
powerpoint	3
press	3
pricing	3
processes	3
procrastination	3
promoter	3
prompt	3
prompts	3
publish	3
purchase	3
purchases	3
rates	3
reading	3
replace	3
repurpose	3
response	3
results	3
resume	3
retention	3
revenue	3
roi	3
roles	3
rows	3
running	3
science	3
score	3
screenshot	3
season	3
secrets	3
segmentation	3
sendinblue	3
settings	3
shop	3
shopping	3
signature	3
signs	3
simplify	3
smart	3
spreadsheets	3
stand	3
startups	3
step	3
stress	3
study	3
styles	3
summarize	3
supercharge	3
tab	3
tactics	3
testing	3
texting	3
thank	3
think	3
thought	3
three	3
tickets	3
tip	3
todo	3
tracker	3
transactional	3
transparency	3
trust	3
us	3
ux	3
visual	3
webflow	3
webhook	3
who	3
winners	3
writer	3
writesonic	3
wufoo	3
year	3
zapiers	3
10	2
15	2
2014	2
january	2
february	2
march	2
december	2
may	2
august	2
september	2
october	2
1password	2
ab	2
accessible	2
accomplish	2
action	2
active	2
activities	2
addons	2
adobe	2
advice	2
after	2
agenda	2
agile	2
alfred	2
all	2
alternative	2
amazon	2
analyze	2
apparel	2
applicant	2
appreciation	2
assistants	2
asynchronously	2
attendees	2
attention	2
automates	2
awards	2
awareness	2
back	2
backtrack	2
bailey	2
bamboohr	2
bard	2
base	2
beamer	2
become	2
before	2
behavior	2
behind	2
bigcommerce	2
bitbucket	2
bitly	2
blank	2
blocks	2
booking	2
boss	2
brief	2
callrail	2
camera	2
cant	2
canvas	2
capture	2
cases	2
central	2
challenges	2
changing	2
channel	2
charts	2
chatsonic	2
choosing	2
chris	2
claude	2
cms	2
coach	2
coda	2
cognitive	2
cold	2
collaborative	2
com	2
combine	2
communities	2
conference	2
connected	2
consolidate	2
control	2
copper	2
copywriting	2
corporate	2
covid	2
creativity	2
crosspost	2
curate	2
cycle	2
dark	2
dashboards	2
days	2
deadlines	2
deals	2
declutter	2
delay	2
delegate	2
descript	2
desktop	2
developer	2
developers	2
dictionary	2
difficult	2
diffusion	2
discounts	2
distancing	2
distractions	2
distribution	2
doc	2
dock	2
does	2
drafts	2
driven	2
duplicates	2
dynamics	2
easier	2
easy	2
education	2
efficiency	2
efficient	2
elevator	2
emailoctopus	2
energy	2
engineers	2
enterprise	2
entrepreneur	2
entries	2
error	2
etiquette	2
eventbrite	2
executive	2
expand	2
expander	2
experimentation	2
explained	2
ez	2
faster	2
feedly	2
fight	2
fill	2
filters	2
finding	2
flodesk	2
focused	2
formatter	2
formidable	2
formsapp	2
founder	2
founders	2
four	2
framework	2
freshbooks	2
funnel	2
future	2
g	2
gantt	2
global	2
goal	2
grammarly	2
great	2
group	2
groups	2
guidelines	2
hack	2
hacks	2
handle	2
haro	2
hellosign	2
helps	2
high	2
history	2
homes	2
host	2
hotjar	2
hours	2
html	2
hudl	2
hugging	2
human	2
humor	2
hunt	2
hybrid	2
hyperlink	2
import	2
improves	2
income	2
increased	2
info	2
intake	2
interact	2
interface	2
internet	2
interviews	2
invoicing	2
its	2
javascript	2
journaling	2
kajabi	2
keap	2
keyword	2
keywords	2
know	2
labels	2
last	2
lastpass	2
launched	2
launches	2
legal	2
letter	2
level	2
leverage	2
lifecycle	2
limits	2
line	2
listening	2
livestorm	2
logic	2
look	2
machine	2
mail	2
mailerlite	2
maintain	2
maintenance	2
makerpad	2
maps	2
master	2
max	2
me	2
meaningful	2
measure	2
medium	2
mem	2
memos	2
merge	2
mic	2
migrate	2
mindfulness	2
minute	2
minutes	2
missing	2
mode	2
monitoring	2
monthly	2
most	2
move	2
mute	2
mysql	2
myths	2
names	2
national	2
needs	2
negative	2
newsletters	2
nothing	2
nps	2
ocr	2
offer	2
omnichannel	2
openphone	2
org	2
outline	2
overview	2
owner	2
owners	2
paid	2
pandemic	2
paper	2
partnerships	2
passive	2
passwords	2
paste	2
personality	2
personalization	2
personas	2
photoshop	2
pick	2
pipeline	2
pitching	2
pizza	2
plain	2
playground	2
plus	2
podcasts	2
point	2
popular	2
powered	2
powerful	2
ppc	2
preparing	2
presentation	2
prevent	2
preview	2
privacy	2
production	2
profile	2
pull	2
qa	2
qr	2
qualify	2
questions	2
quickly	2
quirks	2
quitting	2
rank	2
ranking	2
reaction	2
rebuild	2
recognition	2
record	2
recording	2
recordings	2
records	2
recover	2
recruit	2
recruiters	2
recruiting	2
reduce	2
referral	2
relationships	2
repeat	2
reply	2
requests	2
resources	2
responsibility	2
retailers	2
revolutionize	2
roadmaps	2
routines	2
rule	2
santa	2
satisfaction	2
scaling	2
scheduler	2
screens	2
screenshots	2
scrivener	2
scrum	2
secret	2
secure	2
servicenow	2
setup	2
sharing	2
shift	2
shipping	2
shorteners	2
showcase	2
shutting	2
simplicity	2
slow	2
snippets	2
solopreneur	2
sop	2
spam	2
speed	2
spend	2
split	2
spotify	2
stable	2
starred	2
state	2
statement	2
storage	2
streak	2
suite	2
summaries	2
super	2
surveymonkey	2
syndrome	2
tabs	2
takeaways	2
teachable	2
teachers	2
test	2
textline	2
their	2
thrivecart	2
ticket	2
ticktick	2
titles	2
touch	2
train	2
transcripts	2
tweet	2
ultimate	2
ulysses	2
universal	2
upload	2
urls	2
userconf	2
vendors	2
videoask	2
vlookup	2
voip	2
volunteer	2
vpn	2
want	2
way	2
websites	2
weekly	2
welcome	2
while	2
widget	2
wifi	2
willpower	2
winner	2
wix	2
wordle	2
worth	2
wrike	2
xero	2
zapconnect	2
0	1
1	1
6	1
8	1
11	1
12	1
19	1
25	1
32	1
90	1
100	1
101	1
123	1
250	1
365	1
500	1
1000	1
2000	1
2012	1
2013	1
2019	1
5000	1
25000	1
sunday	1
saturday	1
feb	1
10am	1
10k	1
2fa	1
absolutely	1
acceptance	1
access	1
accountability	1
accountant	1
achieve	1
achievers	1
achieving	1
acquire	1
acquisition	1
actual	1
adam	1
adding	1
addins	1
adhd	1
adjust	1
admit	1
advance	1
advancement	1
advertise	1
advisory	1
advocates	1
affiliate	1
afternoon	1
agent	1
ahead	1
aim	1
aiops	1
airbnb	1
alarm	1
alert	1
alexa	1
alias	1
aligning	1
alignment	1
allen	1
alt	1
alternate	1
ambiguous	1
america	1
amocrm	1
anatomy	1
anchor	1
andrew	1
animal	1
anniversary	1
announce	1
annoyances	1
annual	1
another	1
answer	1
anthropology	1
antic	1
anxiety	1
anything	1
anywhere	1
applicants	1
applications	1
approvals	1
aral	1
arc	1
architecture	1
area	1
areas	1
arent	1
ari	1
article	1
artificial	1
asking	1
assertively	1
assign	1
async	1
athlete	1
athletes	1
attachments	1
attribution	1
audio	1
authentication	1
authors	1
auto	1
autocorrect	1
automator	1
autopilot	1
autopilots	1
autopopulate	1
autoreplies	1
average	1
avoidable	1
awesome	1
awork	1
b1g1	1
baby	1
backbonejs	1
backlink	1
backward	1
badger	1
badly	1
balkan	1
banner	1
bar	1
basecamp	1
basecamp3	1
basics	1
batching	1
bay	1
beat	1
became	1
beginner	1
behaviors	1
being	1
bellingham	1
benefit	1
beyond	1
bigin	1
bing	1
bio	1
bitwarden	1
blackties	1
blitzmetrics	1
blockers	1
blogger	1
blogs	1
blue	1
blur	1
bold	1
bonjoro	1
bonusly	1
bookkeeper	1
bookmaking	1
bookmark	1
bookmarking	1
boom	1
bootsrap	1
bootstrapped	1
bootstrapping	1
bootstraps	1
borders	1
boredom	1
bots	1
boundaries	1
brainstorms	1
brave	1
break	1
breaking	1
breakout	1
breaks	1
brevo	1
brighthr	1
brings	1
bros	1
browsing	1
bubble	1
bucsis	1
bug	1
bullet	1
bulletproofing	1
bundle	1
bundles	1
burn	1
busy	1
busywork	1
but	1
cache	1
callingly	1
callpage	1
canadian	1
cancellation	1
canned	1
cap	1
capitalize	1
captions	1
care	1
carrot	1
cars	1
cart	1
catching	1
categories	1
celebrating	1
celebrations	1
celery	1
cell	1
centralize	1
centric	1
certain	1
certificates	1
certification	1
challenging	1
changes	1
charge	1
chatbase	1
chatbots	1
chatfuel	1
chatter	1
checker	1
chicago	1
child	1
children	1
chill	1
chome	1
chromecast	1
chronicles	1
chronotype	1
churned	1
city	1
clarity	1
cleanup	1
clever	1
click	1
climate	1
clipboard	1
clipper	1
clock	1
clogging	1
clone	1
cloze	1
co	1
cognito	1
collaborate	1
collaborators	1
colorize	1
colors	1
columns	1
commands	1
commencement	1
comments	1
commercials	1
communicating	1
commuting	1
companies	1
companycam	1
competitor	1
competitors	1
completed	1
completes	1
compliance	1
compose	1
compromise	1
computerized	1
concept	1
conduct	1
conferences	1
conferencing	1
confirm	1
confusion	1
connecting	1
connection	1
consistent	1
consolidating	1
conspiracy	1
consumer	1
consumption	1
contest	1
continuity	1
contract	1
contractor	1
contracts	1
conversational	1
conversion	1
converted	1
copyai	1
core	1
cost	1
cottage	1
count	1
coupon	1
cover	1
coverage	1
coverdoc	1
coworkers	1
coworking	1
creators	1
criteria	1
critical	1
crms	1
cro	1
cross	1
crossing	1
crossposting	1
crowdcast	1
crowdfunding	1
crye	1
css	1
curation	1
curb	1
curbside	1
customerio	1
customized	1
customizing	1
cut	1
cutting	1
cx	1
cyber	1
dailiy	1
dalle	1
dash	1
databases	1
databox	1
date	1
dates	1
datetimes	1
dating	1
david	1
dawar	1
dayschedule	1
deal	1
deep	1
default	1
defense	1
delighted	1
deliverability	1
demio	1
demo	1
departments	1
deprecation	1
deprioritize	1
designers	1
detailed	1
detection	1
detector	1
dev	1
develop	1
developing	1
diagramming	1
dictation	1
different	1
differentiate	1
digioh	1
disagree	1
disagreement	1
discover	1
distillery	1
distribute	1
distributed	1
diversity	1
diy	1
dj	1
django	1
docusign	1
doesnt	1
domain	1
donately	1
donation	1
donorschoose	1
doodle	1
door	1
dosomething	1
dot	1
dotdigital	1
double	1
dovetail	1
downloads	1
downside	1
downtime	1
dreaded	1
dreamforce	1
drives	1
dropdown	1
dropping	1
duda	1
dudes	1
duplicate	1
each	1
easyftp	1
eat	1
ebook	1
ebooks	1
economic	1
edge	1
edition	1
editors	1
effect	1
effectiveness	1
efficiently	1
electronic	1
element	1
elements	1
eliminate	1
em	1
email_strategies	1
embrace	1
emotion	1
emotional	1
empathy	1
employers	1
empower	1
enablement	1
enalyzer	1
encounters	1
encourages	1
end	1
endowed	1
enemy	1
engaged	1
engineer	1
enter	1
entertainers	1
entrepreneurial	1
environment	1
equation	1
erp	1
erratic	1
errors	1
essential	1
estimate	1
ethics	1
evaluation	1
even	1
evening	1
everywhere	1
exception	1
excerpt	1
execution	1
exist	1
exit	1
expanded	1
expense	1
experiment	1
explore	1
express	1
external	1
extraction	1
extrovert	1
ezeep	1
facilitate	1
facilities	1
facing	1
factor	1
family	1
famous	1
fans	1
fantasy	1
faq	1
fatigue	1
fax	1
fear	1
feathery	1
feature	1
feeds	1
fellow	1
field	1
fields	1
figma	1
fillout	1
final	1
finances	1
finds	1
firebase	1
firefly	1
firefox	1
firms	1
fit	1
fix	1
flexibility	1
flow	1
flowchart	1
flowtime	1
fluent	1
fogg	1
folder	1
folk	1
followup	1
fomo	1
fonts	1
foods	1
footprint	1
force	1
formstack	1
formula	1
fortune	1
found	1
fraud	1
freed	1
freshservice	1
fridays	1
friendly	1
frog	1
function	1
functions	1
funnels	1
funny	1
ga4	1
gains	1
games	1
gamification	1
gaps	1
gated	1
gateways	1
geckoboard	1
geekbot	1
general	1
generated	1
generative	1
geo	1
georgia	1
gesture	1
getresponse	1
getty	1
gift	1
gifts	1
giphy	1
girls	1
gitlab	1
givebutter	1
gives	1
giving	1
gmelius	1
go	1
goes	1
gold	1
googleads	1
got	1
goto	1
gotomeeting	1
gpt3	1
graduates	1
grain	1
grammar	1
graphic	1
greeting	1
groove	1
gross	1
ground	1
guardrails	1
guest	1
guests	1
gym	1
hallucinations	1
halo	1
handoffs	1
handwritten	1
hanselman	1
hapin	1
harder	1
hart	1
hashtags	1
hate	1
have	1
header	1
healthy	1
heatmap	1
helping	1
hi	1
hierarchy	1
higher	1
highlight	1
highlights	1
hijacking	1
hipchat	1
hired	1
hobbies	1
homepage	1
hootsuite	1
hopping	1
hotspot	1
hour	1
hourly	1
hris	1
hub	1
hugh	1
humanity	1
humanize	1
humans	1
hundreds	1
hunting	1
hurry	1
hyperfocus	1
iavarone	1
icebreaker	1
icebreakers	1
identify	1
identity	1
if	1
ignoring	1
ii	1
iii	1
illustrator	1
implementation	1
important	1
importxml	1
imposter	1
impostor	1
impostors	1
improv	1
improved	1
improvement	1
improvements	1
inbound	1
incentive	1
inclusion	1
inclusive	1
incomplete	1
increases	1
indesign	1
indicator	1
industry	1
influencer	1
influencers	1
influencing	1
infobip	1
infrastructure	1
initiation	1
inject	1
innocence	1
innovative	1
inputs	1
inspect	1
inspire	1
install	1
instant	1
instantly	1
instapaper	1
instead	1
insurance	1
integrating	1
intelligent	1
intent	1
intents	1
interactions	1
interactive	1
intern	1
international	1
interviewer	1
introduction	1
inventory	1
invest	1
invite	1
involveme	1
ipaas	1
issue	1
item	1
iterable	1
itsm	1
iubenda	1
iv	1
iwd	1
jar	1
jaz	1
jobs	1
join	1
joins	1
josh	1
journalism	1
journalists	1
jumpstart	1
karma	1
katana	1
keda	1
keller	1
keys	1
keystone	1
kicked	1
killers	1
kit	1
kixie	1
knowledge	1
kommunicate	1
kpis	1
kubernetes	1
kubrick	1
l	1
label	1
labor	1
labs	1
landbot	1
languishing	1
laptop	1
large	1
largest	1
lasagna	1
law	1
layer	1
lch	1
leader	1
leading	1
leakage	1
leap	1
learners	1
learnworlds	1
left	1
lego	1
lesson	1
lessonly	1
let	1
lets	1
levi	1
lexicon	1
lightmark	1
likely	1
linked	1
linux	1
listener	1
listings	1
little	1
live	1
llama	1
lms	1
loading	1
location	1
log	1
login	1
logos	1
long	1
lookup	1
loomly	1
loops	1
loss	1
loudest	1
love	1
lowered	1
lunch	1
macos	1
made	1
maestro	1
magic	1
magician	1
magnet	1
mailshake	1
manifesto	1
manual	1
manychat	1
mario	1
mark	1
marketo	1
marketplace	1
marketplaces	1
marks	1
markup	1
marshmallow	1
mask	1
mass	1
mastodon	1
matched	1
materialesdefabrica	1
maternity	1
math	1
matrix	1
matt	1
matter	1
maximize	1
meditation	1
meisel	1
members	1
memes	1
memorize	1
memory	1
mentor	1
mentorship	1
menu	1
merchandise	1
messy	1
meta	1
michelle	1
micromanaging	1
mid	1
midjourney	1
mile	1
milestone	1
millennial	1
million	1
millionaires	1
minimal	1
miracle	1
miro	1
miss	1
mission	1
missouri	1
mix	1
mobile	1
mobility	1
models	1
modernizing	1
mojave	1
mom	1
moments	1
momentum	1
mondays	1
monkey	1
month	1
moods	1
moonclerk	1
moosend	1
motivated	1
moves	1
mrm	1
msn	1
mssql	1
much	1
multi	1
multitasking	1
munk	1
mural	1
museum	1
mvp	1
myself	1
name	1
nap	1
nate	1
nations	1
natives	1
natural	1
negotiate	1
neopets	1
nethunt	1
networks	1
neurodiverse	1
neurodiversity	1
never	1
newsfeed	1
next	1
nfc	1
nice	1
nicejob	1
niche	1
night	1
ninja	1
nintendo	1
nocrm	1
nodejs	1
nomad	1
norms	1
notebook	1
notebooklm	1
notified	1
notorious	1
novel	1
now	1
number	1
nurturing	1
objectives	1
obstacles	1
offering	1
ok	1
old	1
omnifocus	1
onboard	1
ones	1
ons	1
ontraport	1
openrefine	1
operating	1
operators	1
opml	1
opportunities	1
opsgenie	1
optimal	1
orchard	1
order	1
ordering	1
oreilly	1
organization	1
organizational	1
organized	1
others	1
otter	1
outbrain	1
outlines	1
output	1
overcoming	1
overload	1
overwhelm	1
owned	1
pageless	1
pager	1
pagerduty	1
pain	1
painful	1
pains	1
painted	1
pairing	1
palette	1
paperform	1
paralysis	1
pardot	1
parenting	1
parsio	1
parties	1
passion	1
passkey	1
path	1
pay	1
payment	1
pc	1
pdfco	1
pearson	1
percent	1
perception	1
perk	1
perks	1
personio	1
pets	1
photographers	1
photographs	1
pic	1
pickle	1
pickup	1
pitches	1
pivotal	1
pivoting	1
pivots	1
pizzatime	1
playlist	1
plumsail	1
pod	1
podio	1
poka	1
policy	1
political	1
polls	1
pomodoro	1
portals	1
postcards	1
posting	1
postmark	1
postmortem	1
potential	1
powertoys	1
practice	1
predictions	1
prep	1
preparation	1
preparedness	1
presence	1
presidential	1
prettier	1
printing	1
priorities	1
prioritization	1
priority	1
private	1
pro	1
proactive	1
problems	1
procedures	1
processing	1
procrastinate	1
productboard	1
products	1
profiling	1
profit	1
program	1
programmatic	1
programmer	1
progress	1
progressive	1
prometheus	1
promotion	1
promotional	1
pronouns	1
proofread	1
proposal	1
prosperworks	1
protect	1
protonmail	1
prototype	1
prototyped	1
prowritingaid	1
ps	1
public	1
publicly	1
publishers	1
pushbullet	1
pushing	1
python	1
q1	1
q3	1
q4	1
quality	1
qualtrics	1
quantified	1
quarterly	1
questioning	1
quicklook	1
quiet	1
quiz	1
quizzes	1
quote	1
quotient	1
raci	1
ragic	1
random	1
rate	1
rd	1
reach	1
reached	1
reactive	1
rebrand	1
rebuilding	1
recall	1
receive	1
recent	1
recipe	1
recommendation	1
recommendations	1
recommends	1
recorder	1
recreating	1
red	1
reduces	1
reframing	1
refresh	1
regex	1
reinforcement	1
rejection	1
related	1
relateiq	1
relationship	1
rely	1
remember	1
reminder	1
removing	1
rendering	1
replay	1
reporting	1
repository	1
request	1
rescuetime	1
resiliency	1
resilient	1
resistance	1
responsibilities	1
restore	1
resumes	1
retains	1
rethinking	1
retreat	1
retrospective	1
return	1
rev	1
revision	1
revops	1
reward	1
rewording	1
rich	1
riff	1
right	1
ring	1
rise	1
risks	1
river	1
roadblocks	1
roam	1
roborecruiter	1
robotic	1
robots	1
rocket	1
role	1
roofing	1
rooms	1
rosenwald	1
rotation	1
roundup	1
routine	1
row	1
ruby	1
ruin	1
ruler	1
runkeeper	1
rush	1
rut	1
s3	1
safetyculture	1
salary	1
sale	1
salesflare	1
salesmate	1
salesmsg	1
saved	1
saves	1
saving	1
savings	1
say	1
scaled	1
scanner	1
scanning	1
schedules	1
scholarmatch	1
scientific	1
scott	1
script	1
scripts	1
seahawks	1
searches	1
second	1
secondary	1
secondments	1
sections	1
see	1
seekers	1
segment	1
selecting	1
selective	1
selectquote	1
seller	1
sendgrid	1
sending	1
sent	1
senta	1
sentiment	1
separate	1
servicetitan	1
session	1
setapp	1
setting	1
sewing	1
sf	1
shared	1
sheeo	1
sheet	1
shortcode	1
shorten	1
shortener	1
shorter	1
showcasing	1
shut	1
shweta	1
sidebar	1
sided	1
sign	1
signatures	1
signrequest	1
silence	1
silos	1
simpletix	1
siri	1
sisterlove	1
siteglide	1
sixth	1
skill	1
skype	1
slackbot	1
slash	1
sleep	1
sleeping	1
slots	1
slump	1
smartchargeamerica	1
smarter	1
smartsheet	1
smbs	1
smith	1
snooze	1
so	1
soc	1
soc2	1
socialpilot	1
socratic	1
soft	1
solution	1
solutions	1
someone	1
something	1
sound	1
source	1
spark	1
speak	1
speaking	1
specialized	1
speech	1
speeches	1
speedy	1
sports	1
sprint	1
sprints	1
sqlalchemy	1
squeeze	1
stages	1
stakes	1
standard	1
standups	1
stanley	1
started	1
station	1
status	1
still	1
stock	1
stolen	1
storycorps	1
storyteller	1
storytelling	1
strategic	1
streamtime	1
strengthen	1
strengths	1
structured	1
student	1
students	1
studio	1
style	1
subcontract	1
subreddit	1
subreddits	1
subscription	1
succeeding	1
successful	1
superfeed	1
supported	1
surveys	1
survival	1
survive	1
sustainability	1
switch	1
switching	1
swot	1
synthesia	1
t2m	1
tag	1
tagged	1
tags	1
tailor	1
tailscale	1
talent	1
talking	1
talks	1
tap	1
target	1
targeted	1
taskbar	1
taxes	1
taylor	1
teaching	1
teamleader	1
teammates	1
teamwork	1
technical	1
technique	1
ted	1
tedious	1
teds	1
tell	1
term	1
terms	1
terrible	1
tester	1
testimonial	1
tests	1
thanos	1
theme	1
themes	1
themselves	1
theorem	1
thinkers	1
thinkific	1
ticketing	1
times	1
timing	1
tipping	1
title	1
toggl	1
tomorrows	1
tone	1
too	1
toolkits	1
tracks	1
tradeoffs	1
traditional	1
traffic	1
training	1
transaction	1
transcribe	1
transcription	1
transfers	1
transformed	1
transit	1
transition	1
transitioning	1
travel	1
treadmill	1
trick	1
troubleshoot	1
try	1
turning	1
tutorials	1
tv	1
tweets	1
types	1
typing	1
ugc	1
unblock	1
uncertainty	1
unified	1
unifying	1
uninstall	1
unleashed	1
unlinked	1
unlock	1
unread	1
unrollme	1
unsend	1
unspun	1
unstructured	1
unusual	1
upcoming	1
upgrade	1
ups	1
upselling	1
upskilling	1
used	1
useful	1
validate	1
validation	1
value	1
variables	1
ventures	1
veo	1
verification	1
version	1
versions	1
versus	1
verticalization	1
via	1
viable	1
view	1
viewing	1
vintage	1
vinyl	1
visualize	1
visuals	1
vitals	1
vocabulary	1
vocal	1
volunteers	1
w9	1
walking	1
walks	1
wallpaper	1
wants	1
warm	1
warner	1
waste	1
water	1
wave	1
waving	1
weaknesses	1
weather	1
webcam	1
webex	1
webinargeek	1
webinars	1
weebly	1
weigh	1
weiner	1
well	1
were	1
wfh	1
whatconverts	1
where	1
white	1
whiteboard	1
whitepaper	1
widely	1
wiki	1
williams	1
willo	1
wins	1
wireframe	1
wisepops	1
wish	1
within	1
womens	1
wonderful	1
woodpecker	1
woodpeckerco	1
words	1
workable	1
workdays	1
workforce	1
worksheet	1
workshop	1
workshops	1
workspace	1
workspaces	1
worlds	1
wunderlist	1
yahoo	1
yc	1
years	1
yoast	1
youcanbookme	1
youre	1
youttube	1
yubikey	1
zappity	1
zen	1
zettelkasten	1
zippity	1
